category,priority,potential_score,funnel_stage,funnel_rationale,topic_pt,topic_es,Aprovado
Career,Alta,9.8,Fundo,Transactional/Service focused,EB-2 NIW: O Segredo dos Profissionais de Elite para Morar e Trabalhar Legalmente nos EUA sem Empregador,EB-2 NIW: El Secreto de los Profesionales de Élite para Vivir y Trabajar Legalmente en EE. UU. sin Empleador,
Career,Alta,9.8,Meio,Specific interest but not purely transactional,Profissionais de Saúde: Oportunidades Únicas de Green Card nos EUA Devido à Escassez,Profesionales de la Salud: Oportunidades Únicas de Green Card en EE. UU. Debido a la Escasez,
Career,Alta,9.8,Fundo,Transactional/Service focused,Green Card EB-2 NIW: A Chave para a Estabilidade e Crescimento Profissional nos EUA,Green Card EB-2 NIW: La Clave para la Estabilidad y Crecimiento Profesional en EE. UU.,
Career,Alta,9.7,Fundo,Transactional/Service focused,Guia Definitivo: Como Otimizar seu Perfil para um Green Card EB-2 NIW em 2024,Guía Definitiva: Cómo Optimizar tu Perfil para una Green Card EB-2 NIW en 2024,
Career,Alta,9.7,Fundo,Transactional/Service focused,De Médico no Brasil a Green Card nos EUA: Um Caminho Acelerado via EB-2 NIW,De Médico en Latam a Green Card en EE. UU.: Un Camino Acelerado vía EB-2 NIW,
Career,Alta,9.7,Fundo,Transactional/Service focused,Profissionais de TI Pós-Layoffs: Novas Estratégias de Green Card EB-2 NIW para o Mercado Americano,Profesionales de TI Post-Despidos: Nuevas Estrategias de Green Card EB-2 NIW para el Mercado Americano,
Career,Alta,9.7,Fundo,Transactional/Service focused,Aviation Industry: A Pista de Decolagem para Pilotos e Engenheiros Rumo ao Green Card EB-2 NIW,Industria de la Aviación: La Pista de Despegue para Pilotos e Ingenieros Hacia la Green Card EB-2 NIW,
Career,Alta,9.7,Fundo,Transactional/Service focused,Por Que o Green Card EB-2 NIW é a Escolha Inteligente para Profissionais Latinos Ambiciosos,¿Por Qué la Green Card EB-2 NIW es la Elección Inteligente para Profesionales Latinos Ambiciosos?,
Career,Alta,9.7,Fundo,Transactional/Service focused,EB-2 NIW para Especialistas em IA e Ciência de Dados: Sua Oportunidade no Mercado Tech Americano,EB-2 NIW para Especialistas en IA y Ciencia de Datos: Tu Oportunidad en el Mercado Tech Americano,
Career,Alta,9.6,Topo,Educational/Broad interest,Planejamento Estratégico: Como Transformar sua Experiência Profissional em Residência Americana,Planificación Estratégica: Cómo Transformar tu Experiencia Profesional en Residencia Americana,
Career,Alta,9.6,Fundo,Transactional/Service focused,Engenheiros: Desvende as Possibilidades de Imigração e Carreira nos EUA com o EB-2 NIW,Ingenieros: Descubre las Posibilidades de Inmigración y Carrera en EE. UU. con el EB-2 NIW,
Career,Alta,9.6,Fundo,Transactional/Service focused,De Profissional Qualificado a Residente: Entendendo os Critérios de Elegibilidade do EB-2 NIW,De Profesional Cualificado a Residente: Entendiendo los Criterios de Elegibilidad del EB-2 NIW,
Career,Alta,9.6,Topo,Educational/Broad interest,Desmistificando o Processo de Residência Americana: Guia Completo para o Profissional Latino,Desmitificando el Proceso de Residencia Americana: Guía Completa para el Profesional Latino,
Career,Alta,9.6,Fundo,Transactional/Service focused,Oportunidades Pós-Tech Layoffs: O EB-2 NIW como Resposta para Talentos Deslocados,Oportunidades Post-Despidos Tecnológicos: El EB-2 NIW como Respuesta para Talentos Desplazados,
Career,Alta,9.6,Fundo,Transactional/Service focused,O Caminho do Piloto Latino: Do Brevet ao Green Card EB-2 NIW nos EUA,El Camino del Piloto Latino: Del Brevet a la Green Card EB-2 NIW en EE. UU.,
Career,Alta,9.6,Fundo,Transactional/Service focused,Estratégias de Entrada Rápida para Profissionais de Saúde com o EB-2 NIW,Estrategias de Entrada Rápida para Profesionales de la Salud con el EB-2 NIW,
Career,Alta,9.6,Fundo,Transactional/Service focused,Nômade Digital em Dubai: Seu Guia Completo para o Visto Freelancer e Carreira Internacional.,Nómada Digital en Dubái: Su Guía Completa para la Visa Freelancer y Carrera Internacional.,
Career,Alta,9.6,Fundo,Transactional/Service focused,Visto Dourado para Profissionais: Desvendando as Possibilidades de Carreira e Residência em Dubai.,Visa Dorada para Profesionales: Descubriendo las Posibilidades de Carrera y Residencia en Dubái.,
Career,Alta,9.6,Topo,Educational/Broad interest,Os Erros Mais Comuns ao Imigrar para Dubai e Como Evitá-los: Guia Essencial.,Los Errores Más Comunes al Emigrar a Dubái y Cómo Evitarlos: Guía Esencial.,
Career,Alta,9.5,Fundo,Transactional/Service focused,Demissões em Tech na América Latina: Como o visto EB-2 NIW pode ser sua rota para o Vale do Silício,Despidos en Tech en Latam: ¿Es la visa EB-2 NIW su pasaporte al Silicon Valley?,
Career,Alta,9.5,Fundo,Transactional/Service focused,Não Perca: As Áreas com Maior Demanda para EB-2 NIW nos EUA em Pós-Pandemia,No te Pierdas: Las Áreas con Mayor Demanda para EB-2 NIW en EE. UU. en la Post-Pandemia,
Career,Alta,9.5,Topo,Educational/Broad interest,A Revolução da Enfermagem nos EUA: Como a Demanda Cria Caminhos para o Green Card,La Revolución de la Enfermería en EE. UU.: Cómo la Demanda Crea Caminos para la Green Card,
Career,Alta,9.5,Topo,Educational/Broad interest,Entenda o 'National Interest Waiver': Como Provar Sua Relevância para os EUA,Entiende el 'National Interest Waiver': Cómo Probar Tu Relevancia para EE. UU.,
Career,Alta,9.5,Fundo,Transactional/Service focused,Requisitos Essenciais para o EB-2 NIW: Uma Checklist para Sua Candidatura de Sucesso,Requisitos Esenciales para el EB-2 NIW: Una Lista de Verificación para Tu Candidatura Exitosa,
Career,Alta,9.5,Fundo,Transactional/Service focused,Construindo Seu Portfólio para o EB-2 NIW: O Que os Oficiais de Imigração Buscam,Construyendo Tu Portafolio para el EB-2 NIW: Lo que Buscan los Oficiales de Inmigración,
Career,Alta,9.5,Topo,Educational/Broad interest,Abrindo Sua Empresa em Dubai: Guia Prático para Empreendedores Latino-Americanos com Visão Global.,Abriendo Su Empresa en Dubái: Guía Práctica para Emprendedores Latinoamericanos con Visión Global.,
Career,Alta,9.5,Fundo,Transactional/Service focused,Visto de Freelancer em Dubai: Um Passo a Passo Completo para Autônomos e Empreendedores Digitais.,Visa de Freelancer en Dubái: Un Paso a Paso Completo para Autónomos y Emprendedores Digitales.,
Career,Alta,9.4,Fundo,Transactional/Service focused,Profissionais de IA e Machine Learning: Oportunidades do EB-2 NIW para liderar a inovação nos EUA.,Profesionales de IA y Machine Learning: Oportunidades del EB-2 NIW para liderar la innovación en EE. UU.,
Career,Alta,9.4,Fundo,Transactional/Service focused,EB-2 NIW vs. H-1B: Qual o Melhor Caminho para a Carreira Internacional que Você Merece?,EB-2 NIW vs. H-1B: ¿Cuál es el Mejor Camino para la Carrera Internacional que Mereces?,
Career,Alta,9.4,Fundo,Transactional/Service focused,Cientistas e Pesquisadores: Sua Contribuição Pode Valer um Green Card EB-2 NIW nos EUA,Científicos e Investigadores: Tu Contribución Puede Valer una Green Card EB-2 NIW en EE. UU.,
Career,Alta,9.4,Meio,Specific interest but not purely transactional,Healthcare Executives: Estratégias de Green Card para Líderes de Setor em Crescimento nos EUA,Healthcare Executives: Estrategias de Green Card para Líderes de Sector en Crecimiento en EE. UU.,
Career,Alta,9.4,Fundo,Transactional/Service focused,Os Desafios e Recompensas de Imigrar para os EUA com Vistos Baseados em Habilidades,Los Desafíos y Recompensas de Inmigrar a EE. UU. con Visados Basados en Habilidades,
Career,Alta,9.4,Fundo,Transactional/Service focused,Oportunidades em Tecnologia Verde: Um Novo Nicho para o Green Card EB-2 NIW,Oportunidades en Tecnología Verde: Un Nuevo Nicho para la Green Card EB-2 NIW,
Career,Alta,9.4,Fundo,Transactional/Service focused,Como as Mudanças na Lei de Imigração Afetam o EB-2 NIW em 2024 (e Como se Preparar),Cómo los Cambios en la Ley de Inmigración Afectan el EB-2 NIW en 2024 (y Cómo Prepararse),
Career,Alta,9.4,Fundo,Transactional/Service focused,Profissionais da Saúde Mental: Como a Crise nos EUA Abre Portas para o EB-2 NIW,Profesionales de la Salud Mental: Cómo la Crisis en EE. UU. Abre Puertas para el EB-2 NIW,
Career,Alta,9.4,Fundo,Transactional/Service focused,EB-2 NIW para Educadores e Professores Universitários: Um Caminho para a Excelência nos EUA,EB-2 NIW para Educadores y Profesores Universitarios: Un Camino hacia la Excelencia en EE. UU.,
Career,Alta,9.4,Fundo,Transactional/Service focused,Setor de Energias Renováveis: Um Campo Fértil para o Green Card EB-2 NIW nos EUA,Sector de Energías Renovables: Un Campo Fértil para la Green Card EB-2 NIW en EE. UU.,
Career,Alta,9.3,Fundo,Transactional/Service focused,Empreendedores Latin Americanos: O EB-2 NIW pode impulsionar sua startup nos EUA sem oferta de emprego?,Emprendedores Latinos: ¿Puede la EB-2 NIW impulsar su startup en EE. UU. sin oferta de empleo?,
Career,Alta,9.3,Fundo,Transactional/Service focused,Profissionais de TI: Oportunidades e o visto EB-2 NIW no mercado de tecnologia dos EUA.,Profesionales de TI: Oportunidades y la visa EB-2 NIW en el mercado tecnológico de EE. UU.,
Career,Alta,9.3,Fundo,Transactional/Service focused,Doutores e Ph.Ds: Simplificando o caminho para o Green Card com o EB-2 NIW.,Doctores y Ph.Ds: Simplificando el camino a la Green Card con la EB-2 NIW.,
Career,Alta,9.3,Meio,Specific interest but not purely transactional,Green Card EB-1A para Habilidades Extraordinárias: O caminho rápido para talentos excepcionais.,Green Card EB-1A para Habilidades Extraordinarias: El camino rápido para talentos excepcionales.,
Career,Alta,9.3,Fundo,Transactional/Service focused,Os 5 Erros Fatais a Evitar no Processo do Green Card EB-2 NIW,Los 5 Errores Fatales a Evitar en el Proceso de la Green Card EB-2 NIW,
Career,Alta,9.3,Fundo,Transactional/Service focused,Como Conseguir Cartas de Recomendação Vencedoras para Seu Processo EB-2 NIW,Cómo Conseguir Cartas de Recomendación Ganadoras para Tu Proceso EB-2 NIW,
Career,Alta,9.3,Fundo,Transactional/Service focused,Como a Escassez de Professores nos EUA Abre Portas para o EB-2 NIW de Educadores Internacionais,Cómo la Escasez de Profesores en EE. UU. Abre Puertas para el EB-2 NIW de Educadores Internacionales,
Career,Alta,9.3,Meio,Specific interest but not purely transactional,Mitos e Verdades sobre o Processo de Green Card por Habilidades Profissionais nos EUA,Mitos y Verdades sobre el Proceso de Green Card por Habilidades Profesionales en EE. UU.,
Career,Alta,9.3,Fundo,Transactional/Service focused,Oportunidades de Visto para Especialistas em Cibersegurança: A Demanda Aumenta nos EUA,Oportunidades de Visado para Expertos en Ciberseguridad: La Demanda Aumenta en EE. UU.,
Career,Alta,9.3,Fundo,Transactional/Service focused,Preparando Sua Documentação: O Checklist Completo para o Pedido de EB-2 NIW,Preparando Tu Documentación: El Checklist Completo para la Solicitud de EB-2 NIW,
Career,Alta,9.3,Fundo,Transactional/Service focused,Como a Cultura de Inovação dos EUA Impulsiona Oportunidades para o EB-2 NIW,Cómo la Cultura de Innovación de EE. UU. Impulsa Oportunidades para el EB-2 NIW,
Career,Alta,9.3,Topo,Educational/Broad interest,"Dubai, o Paraíso do Trabalho Remoto? Descubra Por Que Profissionais Escolhem os Emirados.","¿Dubái, el Paraíso del Trabajo Remoto? Descubra Por Qué Profesionales Eligen los Emiratos.",
Career,Alta,9.2,Fundo,Transactional/Service focused,Histórias de Sucesso: Latinos que transformaram suas carreiras nos EUA com o visto EB-2 NIW.,Historias de Éxito: Latinos que transformaron sus carreras en EE. UU. con la visa EB-2 NIW.,
Career,Alta,9.2,Fundo,Transactional/Service focused,Engenheiros Latin Americanos: O EB-2 NIW como atalho para grandes projetos e inovações nos EUA.,Ingenieros Latinos: La EB-2 NIW como atajo para grandes proyectos e innovaciones en EE. UU.,
Career,Alta,9.2,Fundo,Transactional/Service focused,Erros Comuns no Pedido EB-2 NIW: Como garantir sua aprovação e evitar atrasos.,Errores Comunes en la Solicitud EB-2 NIW: Cómo asegurar su aprobación y evitar retrasos.,
Career,Alta,9.2,Fundo,Transactional/Service focused,Desvendando o 'Interesse Nacional': Como provar seu valor para o visto EB-2 NIW.,Desvelando el 'Interés Nacional': Cómo probar su valor para la visa EB-2 NIW.,
Career,Alta,9.2,Fundo,Transactional/Service focused,Além do Investimento: Como profissionais de alto nível podem obter o Golden Visa de Dubai.,Más allá de la Inversión: Cómo profesionales de alto nivel pueden obtener la Golden Visa de Dubái.,
Career,Alta,9.2,Fundo,Transactional/Service focused,EB-2 NIW para Inovadores em Fintech: Moldando o futuro das finanças nos EUA.,EB-2 NIW para Innovadores en Fintech: Moldeando el futuro de las finanzas en EE. UU.,
Career,Alta,9.2,Meio,Specific interest but not purely transactional,Carreira Internacional: Os Passos Essenciais para Validar Seu Diploma nos EUA para Fins Imigratórios,Carrera Internacional: Los Pasos Esenciales para Validar Tu Título en EE. UU. para Fines Migratorios,
Career,Alta,9.2,Fundo,Transactional/Service focused,O Que Fazer Após a Aprovação do I-140 para o Green Card EB-2 NIW: Próximos Passos,Qué Hacer Después de la Aprobación del I-140 para la Green Card EB-2 NIW: Próximos Pasos,
Career,Alta,9.2,Fundo,Transactional/Service focused,Vistos de Trabalho para Pessoas com Habilidades Específicas: Qual a Melhor Opção para Você?,Visados de Trabajo para Personas con Habilidades Específicas: ¿Cuál es la Mejor Opción para Ti?,
Career,Alta,9.2,Fundo,Transactional/Service focused,Como um Advogado de Imigração Especializado Pode Acelerar Seu Processo EB-2 NIW,Cómo un Abogado de Inmigración Especializado Puede Acelerar Tu Proceso EB-2 NIW,
Career,Alta,9.2,Meio,Specific interest but not purely transactional,Profissionais da Logística e Supply Chain: Novas Aberturas para o Green Card nos EUA,Profesionales de la Logística y Supply Chain: Nuevas Aperturas para la Green Card en EE. UU.,
Career,Alta,9.2,Meio,Specific interest but not purely transactional,O Custo de Vida em Dubai: Vale a Pena para Profissionais Latino-Americanos? Análise Detalhada.,El Costo de Vida en Dubái: ¿Vale la Pena para Profesionales Latinoamericanos? Análisis Detallado.,
Career,Alta,9.1,Topo,Educational/Broad interest,Fuga da Inflação: Como profissionais qualificados na América Latina estão planejando a mudança para EUA ou Dubai.,Escape de la Inflación: Cómo profesionales calificados en Latam planean mudarse a EE. UU. o Dubái.,
Career,Alta,9.1,Fundo,Transactional/Service focused,Cientistas e Pesquisadores: Como o EB-2 NIW abre portas para centros de excelência nos EUA.,Científicos e Investigadores: Cómo la EB-2 NIW abre puertas a centros de excelencia en EE. UU.,
Career,Alta,9.1,Fundo,Transactional/Service focused,O Poder da Auto-Petição: Como o EB-2 NIW permite que você seja seu próprio patrocinador.,El Poder de la Autopetición: Cómo la EB-2 NIW le permite ser su propio patrocinador.,
Career,Alta,9.1,Fundo,Transactional/Service focused,Tempos de Processamento do EB-2 NIW: O que esperar e como acelerar sua Green Card.,Tiempos de Procesamiento de la EB-2 NIW: Qué esperar y cómo acelerar su Green Card.,
Career,Alta,9.1,Fundo,Transactional/Service focused,Cientistas de Dados: O EB-2 NIW e a demanda por talentos no Big Data americano.,Científicos de Datos: La EB-2 NIW y la demanda de talentos en el Big Data americano.,
Career,Alta,9.1,Fundo,Transactional/Service focused,Biotech nos EUA: O EB-2 NIW para cientistas e pesquisadores que transformam a medicina.,Biotech en EE. UU.: La EB-2 NIW para científicos e investigadores que transforman la medicina.,
Career,Alta,9.1,Fundo,Transactional/Service focused,EB-2 NIW para Profissionais de Cybersecurity: Protegendo o futuro digital nos EUA.,EB-2 NIW para Profesionales de Ciberseguridad: Protegiendo el futuro digital en EE. UU.,
Career,Alta,9.1,Fundo,Transactional/Service focused,Além do H-1B: Outras Opções de Visto para Profissionais de Tecnologia que Buscam o Green Card,Más Allá de la H-1B: Otras Opciones de Visado para Profesionales de Tecnología que Buscan la Green Card,
Career,Alta,9.1,Fundo,Transactional/Service focused,Apoio Governamental e Incentivos para Setores Chave: Novas Vias para o EB-2 NIW,Apoyo Gubernamental e Incentivos para Sectores Clave: Nuevas Vías para el EB-2 NIW,
Career,Alta,9.1,Fundo,Transactional/Service focused,Como os Profissionais de Marketing e Publicidade Podem Migrar para os EUA via EB-2 NIW,Cómo los Profesionales de Marketing y Publicidad Pueden Migrar a EE. UU. vía EB-2 NIW,
Career,Alta,9.1,Meio,Specific interest but not purely transactional,"Carreira em Dubai: Além do Óleo e Gás, Novas Oportunidades para Talentos Latino-Americanos.","Carrera en Dubái: Más Allá del Petróleo y Gas, Nuevas Oportunidades para Talentos Latinoamericanos.",
Career,Alta,9.1,Topo,Educational/Broad interest,Adaptação ao Trabalho Remoto em Dubai: Dicas Essenciais para Profissionais Latino-Americanos.,Adaptación al Trabajo Remoto en Dubái: Consejos Esenciales para Profesionales Latinoamericanos.,
Career,Alta,9.0,Topo,Educational/Broad interest,Oásis Digital: Por que Dubai está se tornando o paraíso para profissionais remotos latinos?,Oasis Digital: ¿Por qué Dubái se está convirtiendo en el paraíso para los profesionales remotos latinos?,
Career,Alta,9.0,Fundo,Transactional/Service focused,Médicos e Especialistas de Saúde: O caminho do EB-2 NIW para uma carreira de impacto nos EUA.,Médicos y Especialistas de Salud: La ruta del EB-2 NIW para una carrera de impacto en EE. UU.,
Career,Alta,9.0,Fundo,Transactional/Service focused,"Desvendando o EB-2 NIW: Requisitos, processo e como se qualificar com excelência.","Desvelando la EB-2 NIW: Requisitos, proceso y cómo calificar con excelencia.",
Career,Alta,9.0,Fundo,Transactional/Service focused,Líderes de Marketing Digital: O EB-2 NIW para expandir seu impacto em mercados dos EUA.,Líderes de Marketing Digital: La EB-2 NIW para expandir su impacto en mercados de EE. UU.,
Career,Alta,9.0,Fundo,Transactional/Service focused,Especialistas Financeiros: O caminho do EB-2 NIW para Wall Street e centros financeiros dos EUA.,Expertos Financieros: La ruta del EB-2 NIW para Wall Street y centros financieros de EE. UU.,
Career,Alta,9.0,Fundo,Transactional/Service focused,Do STEM OPT ao EB-2 NIW: O caminho estratégico para graduados latinos nos EUA.,Del STEM OPT a la EB-2 NIW: El camino estratégico para graduados latinos en EE. UU.,
Career,Alta,9.0,Fundo,Transactional/Service focused,Executivos C-Level: O EB-2 NIW para liderar grandes empresas e projetos nos EUA.,Ejecutivos C-Level: La EB-2 NIW para liderar grandes empresas y proyectos en EE. UU.,
Career,Alta,9.0,Fundo,Transactional/Service focused,De Nômade Digital a Residente: Como o EB-2 NIW oferece estabilidade para talentos globais.,De Nómada Digital a Residente: Cómo la EB-2 NIW ofrece estabilidad a talentos globales.,
Career,Alta,9.0,Fundo,Transactional/Service focused,EB-2 NIW vs. Visto O-1: Qual caminho é ideal para sua carreira de impacto nos EUA?,EB-2 NIW vs. Visa O-1: ¿Qué camino es ideal para su carrera de impacto en EE. UU.?,
Career,Alta,9.0,Fundo,Transactional/Service focused,EB-2 NIW para Talentos em ESG e Sustentabilidade: Faça a diferença nos EUA.,EB-2 NIW para Talentos en ESG y Sostenibilidad: Haga la diferencia en EE. UU.,
Career,Alta,9.0,Meio,Specific interest but not purely transactional,Convalidação de Diplomas e Licenças: O Caminho para Exercer Sua Profissão nos EUA,Convalidación de Títulos y Licencias: El Camino para Ejercer Tu Profesión en EE. UU.,
Career,Média,8.9,Fundo,Transactional/Service focused,Pós-Doutorado nos EUA: O EB-2 NIW como caminho para estabilidade e pesquisa de ponta.,Postdoctorado en EE. UU.: La EB-2 NIW como camino a la estabilidad y la investigación de vanguardia.,
Career,Média,8.9,Fundo,Transactional/Service focused,Carreira Acadêmica nos EUA: Como o EB-2 NIW impulsiona professores e pesquisadores de destaque.,Carrera Académica en EE. UU.: Cómo la EB-2 NIW impulsa a profesores e investigadores destacados.,
Career,Média,8.9,Topo,Educational/Broad interest,O Sonho Americano do Empreendedor: Como o ecossistema dos EUA acelera seu negócio.,El Sueño Americano del Emprendedor: Cómo el ecosistema de EE. UU. acelera su negocio.,
Career,Média,8.9,Fundo,Transactional/Service focused,Energia Renovável nos EUA: O EB-2 NIW para especialistas que moldam o futuro verde.,Energía Renovable en EE. UU.: La EB-2 NIW para expertos que moldean el futuro verde.,
Career,Média,8.9,Fundo,Transactional/Service focused,Cientistas Ambientais: O EB-2 NIW para liderar a sustentabilidade e pesquisa nos EUA.,Científicos Ambientales: La EB-2 NIW para liderar la sostenibilidad e investigación en EE. UU.,
Career,Média,8.9,Fundo,Transactional/Service focused,Vistos de Trabalho em Dubai: Um guia completo para profissionais latinos.,Visas de Trabajo en Dubái: Una guía completa para profesionales latinos.,
Career,Média,8.9,Fundo,Transactional/Service focused,Dubai para Nômades Digitais: Requisitos para o visto e como aproveitar a cidade.,Dubái para Nómadas Digitales: Requisitos para la visa y cómo disfrutar de la ciudad.,
Career,Média,8.9,Fundo,Transactional/Service focused,EB-2 NIW para Gerentes de Projeto e Programas: Liderando a inovação nos EUA.,EB-2 NIW para Gerentes de Proyecto y Programas: Liderando la innovación en EE. UU.,
Career,Média,8.9,Fundo,Transactional/Service focused,A Importância de uma Carta de Recomendação Forte para o EB-2 NIW.,La Importancia de una Carta de Recomendación Fuerte para la EB-2 NIW.,
Career,Média,8.9,Fundo,Transactional/Service focused,EB-2 NIW para Cientistas de Materiais Avançados: Inovação e Carreira nos EUA.,EB-2 NIW para Científicos de Materiales Avanzados: Innovación y Carrera en EE. UU.,
Career,Média,8.8,Fundo,Transactional/Service focused,Visto de Trabalho Remoto nos EUA: Quais as possibilidades para profissionais independentes?,Visa de Trabajo Remoto en EE. UU.: ¿Cuáles son las posibilidades para profesionales independientes?,
Career,Média,8.8,Fundo,Transactional/Service focused,"O Visto O-1 para Talentos Extraordinários: Artistas, atletas e inovadores latinos nos EUA.","La Visa O-1 para Talentos Extraordinarios: Artistas, atletas e innovadores latinos en EE. UU.",
Career,Média,8.8,Fundo,Transactional/Service focused,Arquitetos e Designers Renomados: O EB-2 NIW para projetar sua carreira nos EUA.,Arquitectos y Diseñadores Renombrados: La EB-2 NIW para proyectar su carrera en EE. UU.,
Career,Média,8.8,Topo,Educational/Broad interest,Trabalhar Remoto em Dubai: Como encontrar empresas que contratam talentos latinos globalmente.,Trabajar Remoto en Dubái: Cómo encontrar empresas que contratan talentos latinos globalmente.,
Career,Média,8.8,Fundo,Transactional/Service focused,"Talentos Criativos: Como o EB-2 NIW beneficia diretores, artistas e produtores com impacto.","Talentos Creativos: Cómo la EB-2 NIW beneficia a directores, artistas y productores con impacto.",
Career,Média,8.8,Fundo,Transactional/Service focused,Especialistas em Cadeia de Suprimentos: Oportunidades do EB-2 NIW em um mercado global.,Expertos en Cadena de Suministro: Oportunidades de la EB-2 NIW en un mercado global.,
Career,Média,8.8,Fundo,Transactional/Service focused,Lideranças em Setores Chave: O EB-2 NIW para profissionais de manufatura avançada e áreas técnicas nos EUA.,Liderazgos en Sectores Clave: La EB-2 NIW para profesionales de manufactura avanzada y áreas técnicas en EE. UU.,
Career,Média,8.8,Topo,Educational/Broad interest,Cidades dos EUA com Crescimento Tecnológico: Onde encontrar as melhores oportunidades de carreira.,Ciudades de EE. UU. con Crecimiento Tecnológico: Dónde encontrar las mejores oportunidades de carrera.,
Career,Média,8.8,Fundo,Transactional/Service focused,EB-2 NIW para Profissionais da Saúde Mental: Impacto e demanda nos EUA.,EB-2 NIW para Profesionales de la Salud Mental: Impacto y demanda en EE. UU.,
Career,Média,8.8,Fundo,Transactional/Service focused,O Impacto da Lei de Ajuste Cubano e Outras Políticas: O Que Você Precisa Saber sobre o EB-2 NIW,El Impacto de la Ley de Ajuste Cubano y Otras Políticas: Lo que Necesitas Saber sobre el EB-2 NIW,
Career,Média,8.7,Topo,Educational/Broad interest,Além de Miami: Melhores cidades dos EUA para profissionais latinos em tecnologia e finanças.,Más allá de Miami: Mejores ciudades de EE. UU. para profesionales latinos en tecnología y finanzas.,
Career,Média,8.7,Fundo,Transactional/Service focused,Educadores Inovadores: O EB-2 NIW como ponte para o sistema de ensino superior dos EUA.,Educadores Innovadores: La EB-2 NIW como puente al sistema de enseñanza superior de EE. UU.,
Career,Média,8.7,Fundo,Transactional/Service focused,EB-2 NIW para Agrônomos e Especialistas em Alimentos: Alimentando o futuro dos EUA.,EB-2 NIW para Agrónomos y Especialistas en Alimentos: Alimentando el futuro de EE. UU.,
Career,Média,8.6,Fundo,Transactional/Service focused,Residência Americana para Talentos Extraordinários: Desvende o Visto O-1 e Suas Possibilidades,Residencia Americana para Talentos Extraordinarios: Descubre la Visa O-1 y Sus Posibilidades,
Career,Média,8.6,Meio,Specific interest but not purely transactional,O Papel das Redes de Contato (Networking) na Sua Jornada de Imigração e Carreira nos EUA,El Papel de las Redes de Contacto (Networking) en Tu Viaje de Inmigración y Carrera en EE. UU.,
Career,Média,8.5,Fundo,Transactional/Service focused,Preparação para a Entrevista EB-2 NIW: Dicas essenciais para o sucesso no consulado.,Preparación para la Entrevista EB-2 NIW: Consejos esenciales para el éxito en el consulado.,
Career,Média,8.5,Fundo,Transactional/Service focused,Profissionais Criativos e Artistas: Como o Visto O-1 e Outras Opções Podem Abrir Portas nos EUA,Profesionales Creativos y Artistas: Cómo la Visa O-1 y Otras Opciones Pueden Abrir Puertas en EE. UU.,
Career,Média,8.5,Fundo,Transactional/Service focused,Visto EB-1A para Habilidades Extraordinárias: Você se Qualifica para o Topo da Imigração?,Visa EB-1A para Habilidades Extraordinarias: ¿Calificas para la Cima de la Inmigración?,
Career,Média,8.4,Meio,Specific interest but not purely transactional,Equilíbrio entre Trabalho e Vida em Dubai: Realidade para profissionais latinos.,Equilibrio entre Trabajo y Vida en Dubái: Realidad para profesionales latinos.,
Career/Investment,Alta,9.3,Topo,Educational/Broad interest,Imigração para Empreendedores: Como Abrir Seu Próprio Caminho para o Green Card,Inmigración para Emprendedores: Cómo Abrir Tu Propio Camino para la Green Card,
Career/Investment,Alta,9.2,Fundo,Transactional/Service focused,De Startup a Green Card: O Caminho para Fundadores e Inovadores via Vistos de Negócio,De Startup a Green Card: El Camino para Fundadores e Innovadores vía Visados de Negocio,
Career/Investment,Alta,9.1,Fundo,Transactional/Service focused,Transformando Demissão em Oportunidade: Visto para Empreendedores e Nômades Digitais nos EUA,Transformando Despido en Oportunidad: Visa para Emprendedores y Nómadas Digitales en EE. UU.,
Career/Investment,Alta,9.0,Fundo,Transactional/Service focused,Entenda as Taxas e Prazos do Processo de Green Card EB-2 NIW: Planejamento Essencial,Entiende las Tasas y Plazos del Proceso de Green Card EB-2 NIW: Planificación Esencial,
Family,Alta,9.5,Fundo,Transactional/Service focused,Família e Green Card: Estratégias para Levar Seus Entes Queridos na Jornada do EB-2 NIW,Familia y Green Card: Estrategias para Llevar a Tus Seres Queridos en la Jornada del EB-2 NIW,
Family,Alta,9.5,Fundo,Transactional/Service focused,Os Benefícios Inesperados do Green Card EB-2 NIW para Sua Família e Futuro,Los Beneficios Inesperados de la Green Card EB-2 NIW para Tu Familia y Futuro,
Family,Alta,9.5,Fundo,Transactional/Service focused,Como Proteger o Futuro Educacional dos Seus Filhos Através de um Green Card EB-2 NIW,Cómo Proteger el Futuro Educacional de Tus Hijos a Través de una Green Card EB-2 NIW,
Family,Alta,9.5,Topo,Educational/Broad interest,Segurança e Qualidade de Vida: Por Que Famílias Latino-Americanas Estão Escolhendo Dubai para o Futuro.,Seguridad y Calidad de Vida: Por Qué Familias Latinoamericanas Están Eligiendo Dubái para el Futuro.,
Family,Alta,9.2,Topo,Educational/Broad interest,O Luxo Acessível em Dubai: Como HNWI Latino-Americanos Desfrutam de um Padrão de Vida Excepcional.,El Lujo Accesible en Dubái: Cómo HNWI Latinoamericanos Disfrutan de un Estándar de Vida Excepcional.,
Family,Alta,9.0,Fundo,Transactional/Service focused,"Seu Green Card, a Sua Família: Como garantir vistos para cônjuges e filhos de profissionais nos EUA.","Su Green Card, Su Familia: Cómo asegurar visas para cónyuges e hijos de profesionales en EE. UU.",
Family,Alta,9.0,Meio,Specific interest but not purely transactional,Educação de Excelência para seus Filhos: Um Olhar sobre as Escolas Internacionais em Dubai.,Educación de Excelencia para sus Hijos: Una Mirada a las Escuelas Internacionales en Dubái.,
Family,Alta,9.0,Topo,Educational/Broad interest,Reunindo a Família em Dubai: Entenda as Possibilidades de Patrocínio e Residência para Parentes.,Reuniendo a la Familia en Dubái: Entienda las Posibilidades de Patrocinio y Residencia para Parientes.,
Family,Média,8.9,Topo,Educational/Broad interest,Estilo de Vida de Luxo e Adaptação Cultural: O Que Esperar ao Viver em Dubai.,Estilo de Vida de Lujo y Adaptación Cultural: Qué Esperar al Vivir en Dubái.,
Family,Média,8.8,Topo,Educational/Broad interest,Green Card para a Família: Entenda o processo de obtenção para cônjuges e filhos.,Green Card para la Familia: Entienda el proceso de obtención para cónyuges e hijos.,
Family,Média,8.8,Topo,Educational/Broad interest,Guia de Sobrevivência: O Que Fazer ao Chegar aos EUA com Seu Green Card,Guía de Supervivencia: Qué Hacer al Llegar a EE. UU. con Tu Green Card,
Family,Média,8.8,Meio,Specific interest but not purely transactional,Saúde em Dubai: Conheça o Sistema de Saúde de Primeiro Mundo e Opções para sua Família.,Salud en Dubái: Conozca el Sistema de Salud de Primer Mundo y Opciones para su Familia.,
Family,Média,8.7,Topo,Educational/Broad interest,O Futuro dos Seus Filhos: Guiando sua família para as melhores escolas e universidades nos EUA.,El Futuro de Sus Hijos: Guiando a su familia a las mejores escuelas y universidades en EE. UU.,
Family,Média,8.7,Meio,Specific interest but not purely transactional,Custo de Vida em Dubai: Uma comparação honesta para profissionais e famílias da América Latina.,Costo de Vida en Dubái: Una comparación honesta para profesionales y familias de América Latina.,
Family,Média,8.7,Meio,Specific interest but not purely transactional,Custo de Vida nos EUA: Comparativo por estado para um planejamento financeiro inteligente.,Costo de Vida en EE. UU.: Comparativa por estado para una planificación financiera inteligente.,
Family,Média,8.7,Fundo,Transactional/Service focused,Oportunidades de Trabalho para Cônjuges de Profissionais nos EUA (Green Card/Vistos).,Oportunidades de Trabajo para Cónyuges de Profesionales en EE. UU. (Green Card/Visas).,
Family,Média,8.7,Topo,Educational/Broad interest,Qualidade de Vida e Segurança: Por Que a Flórida é a Escolha de Muitos Latinos para Imigrar,Calidad de Vida y Seguridad: Por Qué Florida es la Elección de Muchos Latinos para Inmigrar,
Family,Média,8.6,Meio,Specific interest but not purely transactional,Educação de Nível Mundial em Dubai: Opções de escolas internacionais para os filhos de expatriados.,Educación de Clase Mundial en Dubái: Opciones de escuelas internacionales para hijos de expatriados.,
Family,Média,8.6,Topo,Educational/Broad interest,Decifrando a Saúde nos EUA: Guia para famílias latinas sobre seguros e acesso a hospitais.,Descifrando la Salud en EE. UU.: Guía para familias latinas sobre seguros y acceso a hospitales.,
Family,Média,8.6,Fundo,Transactional/Service focused,Vistos Familiares em Dubai: Opções e processos para reunir sua família nos Emirados.,Visas Familiares en Dubái: Opciones y procesos para reunir a su familia en los Emiratos.,
Family,Média,8.6,Meio,Specific interest but not purely transactional,Dubai: O equilíbrio entre custo e qualidade de vida para famílias exigentes.,Dubái: El equilibrio entre costo y calidad de vida para familias exigentes.,
Family,Média,8.6,Topo,Educational/Broad interest,Sistema Educacional dos EUA: Um panorama para pais latinos planejando o futuro de seus filhos.,Sistema Educativo de EE. UU.: Un panorama para padres latinos que planifican el futuro de sus hijos.,
Family,Média,8.6,Fundo,Transactional/Service focused,Custos Escondidos da Imigração para os EUA: O que você realmente precisa planejar.,Costos Ocultos de la Inmigración a EE. UU.: Lo que realmente necesita planificar.,
Family,Média,8.5,Topo,Educational/Broad interest,Dubai de Alto Padrão: Como viver uma vida de luxo e segurança para sua família.,Dubái de Lujo: Cómo vivir una vida de opulencia y seguridad para su familia.,
Family,Média,8.5,Topo,Educational/Broad interest,Segurança e Qualidade de Vida: Por que Dubai é a escolha número 1 para famílias latinas.,Seguridad y Calidad de Vida: Por qué Dubái es la elección número 1 para familias latinas.,
Family,Média,8.5,Fundo,Transactional/Service focused,Reunião Familiar nos EUA: Opções de vistos para trazer seus entes queridos (além do trabalho).,Reunión Familiar en EE. UU.: Opciones de visas para traer a sus seres queridos (más allá del trabajo).,
Family,Média,8.5,Meio,Specific interest but not purely transactional,Escolas Públicas ou Privadas nos EUA: Qual a melhor escolha para a educação dos seus filhos?,Escuelas Públicas o Privadas en EE. UU.: ¿Cuál es la mejor opción para la educación de sus hijos?,
Family,Média,8.5,Meio,Specific interest but not purely transactional,Escolas Americanas e Britânicas em Dubai: Qual escolher para seus filhos?,Escuelas Americanas y Británicas en Dubái: ¿Cuál elegir para sus hijos?,
Family,Média,8.5,Meio,Specific interest but not purely transactional,Residência Americana Permanente: Os Próximos Passos para a Cidadania Após o Green Card,Residencia Americana Permanente: Los Próximos Pasos para la Ciudadanía Después de la Green Card,
Family,Média,8.4,Topo,Educational/Broad interest,Saúde em Dubai: O que HNWs precisam saber sobre o sistema de saúde e seguros premium.,Salud en Dubái: Lo que los HNW deben saber sobre el sistema de salud y seguros premium.,
Family,Média,8.4,Topo,Educational/Broad interest,Educação de Alta Performance: Encontrando as melhores escolas para crianças superdotadas nos EUA.,Educación de Alto Rendimiento: Encontrando las mejores escuelas para niños superdotados en EE. UU.,
Family,Média,8.4,Meio,Specific interest but not purely transactional,Planos de Saúde nos EUA: Escolhendo a melhor cobertura para sua família imigrante.,Planes de Salud en EE. UU.: Eligiendo la mejor cobertura para su familia inmigrante.,
Family,Média,8.3,Meio,Specific interest but not purely transactional,Dubai: Qual o melhor estilo de vida para solteiros e famílias de alto poder aquisitivo?,Dubái: ¿Cuál es el mejor estilo de vida para solteros y familias de alto poder adquisitivo?,
Family,Média,8.2,Topo,Educational/Broad interest,Viver em Dubai: Dicas essenciais para a integração cultural de famílias latinas.,Vivir en Dubái: Consejos esenciales para la integración cultural de familias latinas.,
Family,Média,8.1,Meio,Specific interest but not purely transactional,"Planejamento Familiar em Dubai: Maternidade, Paternidade e Suporte.","Planificación Familiar en Dubái: Maternidad, Paternidad y Apoyo.",
Family,Média,8.0,Meio,Specific interest but not purely transactional,Além da Loteria do Green Card: Outros caminhos mais seguros para residência permanente nos EUA.,Más allá de la Lotería de la Green Card: Otros caminos más seguros para residencia permanente en EE. UU.,
Family,Média,8.0,Meio,Specific interest but not purely transactional,Primeiros Passos Financeiros nos EUA: Abrindo contas bancárias e construindo crédito.,Primeros Pasos Financieros en EE. UU.: Abriendo cuentas bancarias y construyendo crédito.,
Family,Média,8.0,Topo,Educational/Broad interest,Aluguel nos EUA: Guia para expatriados latinos encontrarem a moradia ideal nas grandes cidades.,Alquiler en EE. UU.: Guía para expatriados latinos que buscan vivienda ideal en grandes ciudades.,
Family,Baixa,7.9,Topo,Educational/Broad interest,Chegando aos EUA: Guia para obter carteira de motorista e comprar seu primeiro carro.,Llegando a EE. UU.: Guía para obtener licencia de conducir y comprar su primer auto.,
Family,Baixa,7.9,Topo,Educational/Broad interest,Como Enviar Dinheiro para os EUA: Opções e Dicas para Imigrantes.,Cómo Enviar Dinero a EE. UU.: Opciones y Consejos para Inmigrantes.,
Family,Baixa,7.8,Topo,Educational/Broad interest,Comprando um Carro em Dubai: Dicas essenciais para expatriados.,Comprando un Coche en Dubái: Consejos esenciales para expatriados.,
Family,Baixa,7.6,Meio,Specific interest but not purely transactional,Comunidades Pet-Friendly em Dubai: Encontre o lar perfeito para sua família e seus animais.,Comunidades Pet-Friendly en Dubái: Encuentre el hogar perfecto para su familia y sus mascotas.,
Family,Baixa,7.5,Topo,Educational/Broad interest,Mudança com seu Pet para Dubai: Guia completo para famílias que não deixam ninguém para trás.,Mudarse con su Mascota a Dubái: Guía completa para familias que no dejan a nadie atrás.,
Family/Investment,Alta,9.0,Fundo,Transactional/Service focused,Guia para Pais de Estudantes nos EUA: Vistos de Investidor e Residência para o Futuro Familiar,Guía para Padres de Estudiantes en EE. UU.: Visados de Inversor y Residencia para el Futuro Familiar,
Family/Investment,Média,8.5,Meio,Specific interest but not purely transactional,Proteja Seu Legado: Planejamento de Sucessão e Residência Familiar nos EUA,Protege Tu Legado: Planificación de Sucesión y Residencia Familiar en EE. UU.,
General,Alta,9.0,Topo,Educational/Broad interest,Como Evitar Fraudes e Golpes no Processo de Imigração para os EUA: Um Alerta Necessário,Cómo Evitar Fraudes y Estafas en el Proceso de Inmigración para EE. UU.: Una Alerta Necesaria,
General,Média,8.8,Fundo,Transactional/Service focused,"Entenda as Diferenças entre Visto de Turista, de Trabalho e Green Card: Seu Guia Completo","Entiende las Diferencias entre Visa de Turista, de Trabajo y Green Card: Tu Guía Completa",
Investment,Alta,9.8,Fundo,Transactional/Service focused,O Visto Dourado de Dubai: Como Profissionais e Investidores Latino-Americanos Podem Planejar uma Vida Sem Impostos.,La Visa Dorada de Dubái: Cómo Profesionales e Inversionistas Latinoamericanos Pueden Planificar una Vida Sin Impuestos.,
Investment,Alta,9.7,Fundo,Transactional/Service focused,Investimento Imobiliário em Dubai: Estratégias para Aumentar seu Patrimônio e Obter Alto Retorno.,Inversión Inmobiliaria en Dubái: Estrategias para Aumentar su Patrimonio y Obtener Alta Rentabilidad.,
Investment,Alta,9.7,Topo,Educational/Broad interest,Dubai Sem Impostos: Como Otimizar seus Ganhos e Proteger seu Capital com Planejamento Fiscal Estratégico.,Dubái Libre de Impuestos: Cómo Optimizar sus Ganancias y Proteger su Capital con Planificación Fiscal Estratégica.,
Investment,Alta,9.7,Fundo,Transactional/Service focused,Investimento Imobiliário: Sua Porta de Entrada para o Visto Dourado e Residência de Longo Prazo em Dubai.,Inversión Inmobiliaria: Su Puerta de Entrada a la Visa Dorada y Residencia a Largo Plazo en Dubái.,
Investment,Alta,9.6,Fundo,Transactional/Service focused,Visto E-2 para Investidores: Abra Seu Negócio em Solo Americano e Busque Residência,Visa E-2 para Inversores: Abre Tu Negocio en Suelo Americano y Busca Residencia,
Investment,Alta,9.5,Meio,Specific interest but not purely transactional,Flórida: O Paraíso dos Investidores Latinos em Imóveis e Negócios para Residência Legal,Florida: El Paraíso de los Inversores Latinos en Bienes Raíces y Negocios para Residencia Legal,
Investment,Alta,9.5,Fundo,Transactional/Service focused,Planejamento para o Visto Dourado de Dubai: Requisitos e Etapas Essenciais para Latino-Americanos.,Planificación para la Visa Dorada de Dubái: Requisitos y Pasos Esenciales para Latinoamericanos.,
Investment,Alta,9.4,Meio,Specific interest but not purely transactional,Dubai vs. EUA: Uma comparação de oportunidades para HNWs latinos.,Dubái vs. EE. UU.: Una comparación de oportunidades para HNW latinos.,
Investment,Alta,9.4,Fundo,Transactional/Service focused,Invista em Imóveis na Flórida e Potencialize suas Possibilidades de Vistos de Investidor,Invierte en Bienes Raíces en Florida y Potencia tus Posibilidades de Visados de Inversor,
Investment,Alta,9.4,Fundo,Transactional/Service focused,Mercado Imobiliário de Luxo em Dubai: As Melhores Oportunidades para Investidores Estrangeiros em 2024.,Mercado Inmobiliario de Lujo en Dubái: Las Mejores Oportunidades para Inversores Extranjeros en 2024.,
Investment,Alta,9.4,Topo,Educational/Broad interest,Dubai vs. Outros Centros Financeiros: Por Que o Emirado se Destaca para o Patrimônio Latino.,Dubái vs. Otros Centros Financieros: Por Qué el Emirato se Destaca para el Patrimonio Latino.,
Investment,Alta,9.4,Topo,Educational/Broad interest,Dubai 2030: Por Que o Futuro do Capital Latino-Americano Pode Estar nos Emirados Árabes Unidos.,Dubái 2030: Por Qué el Futuro del Capital Latinoamericano Puede Estar en los Emiratos Árabes Unidos.,
Investment,Alta,9.3,Topo,Educational/Broad interest,O Caminho Dourado: Como investir em imóveis em Dubai para obter o Golden Visa.,El Camino Dorado: Cómo invertir en propiedades en Dubái para obtener la Golden Visa.,
Investment,Alta,9.3,Fundo,Transactional/Service focused,O Caminho do Investidor: Como um Visto E-2 Pode Levar ao Seu Sonho Americano de Residência,El Camino del Inversor: Cómo una Visa E-2 Puede Llevarte a Tu Sueño Americano de Residencia,
Investment,Alta,9.3,Fundo,Transactional/Service focused,Vistos de Negócios para Empreendedores: Transforme Sua Ideia em Realidade e Residência nos EUA,Visados de Negocios para Emprendedores: Transforma Tu Idea en Realidad y Residencia en EE. UU.,
Investment,Alta,9.3,Topo,Educational/Broad interest,Dubai e Criptomoedas: Como o Emirado se Tornou o Novo Hub Global para Investidores e Inovadores Digitais.,Dubái y Criptomonedas: Cómo el Emirato se Convirtió en el Nuevo Hub Global para Inversores e Innovadores Digitales.,
Investment,Alta,9.3,Meio,Specific interest but not purely transactional,Proteção Legal para Investidores: O Ambiente Jurídico de Dubai e a Segurança do seu Patrimônio.,Protección Legal para Inversores: El Entorno Jurídico de Dubái y la Seguridad de su Patrimonio.,
Investment,Alta,9.2,Fundo,Transactional/Service focused,O Segredo de Dubai: Como HNWs latinos estão garantindo o Golden Visa com investimentos estratégicos.,El Secreto de Dubái: Cómo los HNW Latinos aseguran la Golden Visa con inversiones estratégicas.,
Investment,Alta,9.2,Fundo,Transactional/Service focused,De Empregado a Investidor: Como um Visto E-2 Pode Mudar Sua Vida nos EUA,De Empleado a Inversor: Cómo una Visa E-2 Puede Cambiar Tu Vida en EE. UU.,
Investment,Alta,9.2,Fundo,Transactional/Service focused,Visto de Investidor E-2: Os Setores Mais Promissores para o Sucesso em 2024,Visa de Inversor E-2: Los Sectores Más Prometedores para el Éxito en 2024,
Investment,Alta,9.1,Meio,Specific interest but not purely transactional,"Dubai: O destino preferido de HNWs latinos para morar, investir e prosperar.","Dubái: El destino preferido de HNW Latinos para vivir, invertir y prosperar.",
Investment,Alta,9.1,Fundo,Transactional/Service focused,Imóveis de Luxo em Miami: Um Investimento Inteligente com Vistas à Residência nos EUA,Bienes Raíces de Lujo en Miami: Una Inversión Inteligente con Vistas a la Residencia en EE. UU.,
Investment,Alta,9.1,Fundo,Transactional/Service focused,A Nova Onda de Investimentos em Saúde na Flórida: Oportunidades para o Visto E-2,La Nueva Ola de Inversiones en Salud en Florida: Oportunidades para la Visa E-2,
Investment,Alta,9.1,Fundo,Transactional/Service focused,Desvendando a Burocracia: Um Guia Prático para o Visto E-2 e Residência nos EUA,Desvelando la Burocracia: Una Guía Práctica para la Visa E-2 y Residencia en EE. UU.,
Investment,Alta,9.0,Fundo,Transactional/Service focused,Visto E-2: A porta de entrada para empresários latinos investirem e morarem nos EUA.,Visa E-2: La puerta de entrada para empresarios latinos que invierten y residen en EE. UU.,
Investment,Alta,9.0,Fundo,Transactional/Service focused,Comprando um Negócio nos EUA: Como o Visto E-2 pode viabilizar sua nova vida empresarial.,Comprando un Negocio en EE. UU.: ¿Cómo la Visa E-2 puede viabilizar su nueva vida empresarial?,
Investment,Alta,9.0,Meio,Specific interest but not purely transactional,Dubai: O Novo Hub Global para a elite da América Latina em busca de oportunidades.,Dubái: El Nuevo Hub Global para la élite de América Latina en busca de oportunidades.,
Investment,Alta,9.0,Fundo,Transactional/Service focused,Dubai: Por que o paraíso fiscal atrai fortunas da América Latina para residência e investimento.,Dubái: Por qué el paraíso fiscal atrae fortunas de América Latina para residencia e inversión.,
Investment,Alta,9.0,Meio,Specific interest but not purely transactional,Viver sem Imposto de Renda em Dubai: Vantagens fiscais para HNWs e profissionais.,Vivir sin Impuesto sobre la Renta en Dubái: Ventajas fiscales para HNW y profesionales.,
Investment,Alta,9.0,Fundo,Transactional/Service focused,Vistos de Investidor em Dubai: Guia completo para oportunidades de negócios.,Visas de Inversionista en Dubái: Guía completa para oportunidades de negocios.,
Investment,Alta,9.0,Topo,Educational/Broad interest,Retorno Garantido? Melhores Cidades da Flórida para Comprar Imóveis para Aluguel e Impacto Migratório,¿Retorno Garantizado? Mejores Ciudades de Florida para Comprar Bienes Raíces para Alquiler e Impacto Migratorio,
Investment,Alta,9.0,Fundo,Transactional/Service focused,Cidades em Ascensão na Flórida: Onde Comprar Imóveis para Maximização de Visto e Renda,Ciudades en Ascenso en Florida: Dónde Comprar Bienes Raíces para Maximizar Visado e Ingresos,
Investment,Alta,9.0,Fundo,Transactional/Service focused,"A Importância de um Plano de Negócios Sólido para Vistos de Investidor (E-2, L-1)","La Importancia de un Plan de Negocios Sólido para Visados de Inversor (E-2, L-1)",
Investment,Alta,9.0,Fundo,Transactional/Service focused,Real Estate como Alavanca: Como a Compra de Imóveis na Flórida Pode Auxiliar Vistos de Investidor,Real Estate como Palanca: Cómo la Compra de Bienes Raíces en Florida Puede Ayudar a Visados de Inversor,
Investment,Alta,9.0,Fundo,Transactional/Service focused,Invista em Franquias na Flórida: Uma Via Estratégica para o Visto E-2,Invierte en Franquicias en Florida: Una Vía Estratégica para la Visa E-2,
Investment,Média,8.9,Fundo,Transactional/Service focused,Investimento Imobiliário nos EUA: Como conectar sua compra de imóveis a um plano de visto de investidor?,Inversión Inmobiliaria en EE. UU.: ¿Cómo vincular la compra de propiedades a un plan de visa de inversionista?,
Investment,Média,8.9,Fundo,Transactional/Service focused,Expansão Global: Estratégias para empresas latinas abrirem filiais nos EUA e obterem vistos L-1.,Expansión Global: Estrategias para empresas latinas que abren filiales en EE. UU. y obtienen visas L-1.,
Investment,Média,8.9,Fundo,Transactional/Service focused,Vistos de Negócios nos EUA: Uma análise das melhores opções para empreendedores latinos.,Visas de Negocios en EE. UU.: Un análisis de las mejores opciones para emprendedores latinos.,
Investment,Média,8.9,Meio,Specific interest but not purely transactional,Boom da Tech em Dubai: Oportunidades para empreendedores e investidores latinos.,Boom de la Tech en Dubái: Oportunidades para emprendedores e inversores latinos.,
Investment,Média,8.9,Fundo,Transactional/Service focused,"Pequenos Negócios, Grandes Sonhos: Como o visto E-2 pode financiar sua entrada no mercado americano.","Pequeños Negocios, Grandes Sueños: Cómo la visa E-2 puede financiar su entrada al mercado americano.",
Investment,Média,8.9,Fundo,Transactional/Service focused,Visto L-1 para Transferência de Executivos: Leve sua empresa latina para os EUA.,Visa L-1 para Transferencia de Ejecutivos: Lleve su empresa latina a EE. UU.,
Investment,Média,8.9,Fundo,Transactional/Service focused,Por Que o Mercado Imobiliário da Flórida Continua Atraindo Investidores Estrangeiros,¿Por Qué el Mercado Inmobiliario de Florida Sigue Atrayendo Inversores Extranjeros?,
Investment,Média,8.9,Topo,Educational/Broad interest,Estratégias de Negócios para Investidores: Como Montar uma Empresa de Sucesso na Flórida,Estrategias de Negocios para Inversores: Cómo Montar una Empresa Exitosa en Florida,
Investment,Média,8.9,Topo,Educational/Broad interest,Real Estate na Flórida: Guia para Compradores Internacionais e o Impacto no Status Imigratório,Real Estate en Florida: Guía para Compradores Internacionales y el Impacto en el Estatus Migratorio,
Investment,Média,8.9,Fundo,Transactional/Service focused,Flórida Beyond Miami: Descubra Oportunidades de Investimento e Moradia em Cidades Promissoras,Florida Más Allá de Miami: Descubre Oportunidades de Inversión y Vivienda en Ciudades Prometedoras,
Investment,Média,8.8,Topo,Educational/Broad interest,Abrindo Sua Empresa em Dubai: Guia completo para empresários latinos em busca de um hub global.,Abriendo Su Empresa en Dubái: Guía completa para empresarios latinos buscando un hub global.,
Investment,Média,8.8,Meio,Specific interest but not purely transactional,Dubai 2024: Os bairros mais promissores para investir em imóveis de luxo e obter retorno.,Dubái 2024: Los barrios más prometedores para invertir en propiedades de lujo y obtener retorno.,
Investment,Média,8.8,Fundo,Transactional/Service focused,Tendências Imobiliárias nos EUA 2024: Onde HNWs devem focar seus investimentos?,Tendencias Inmobiliarias en EE. UU. 2024: ¿Dónde deben enfocar sus inversiones los HNW?,
Investment,Média,8.8,Topo,Educational/Broad interest,Preservação de Patrimônio em Dubai: Por que HNWs latinos escolhem os Emirados Árabes Unidos.,Preservación de Patrimonio en Dubái: Por qué los HNW latinos eligen los Emiratos Árabes Unidos.,
Investment,Média,8.8,Fundo,Transactional/Service focused,Investimento em Startups nos EUA: Oportunidades e vistos para empreendedores latinos.,Inversión en Startups en EE. UU.: Oportunidades y visas para emprendedores latinos.,
Investment,Média,8.8,Fundo,Transactional/Service focused,Investir em Franquias nos EUA: Um caminho para o visto E-2?,Invertir en Franquicias en EE. UU.: ¿Un camino para la visa E-2?,
Investment,Média,8.8,Fundo,Transactional/Service focused,Para Quem É o Visto L-1: Transferência Internacional de Executivos e Gerentes,Para Quién Es la Visa L-1: Transferencia Internacional de Ejecutivos y Gerentes,
Investment,Média,8.7,Meio,Specific interest but not purely transactional,Zonas Francas de Dubai: Maximizando benefícios fiscais e empresariais para investidores latinos.,Zonas Francas de Dubái: Maximizando beneficios fiscales y empresariales para inversores latinos.,
Investment,Média,8.7,Topo,Educational/Broad interest,A Recuperação de Dubai: Por que a economia pós-pandemia atrai investidores e talentos latinos.,La Recuperación de Dubái: Por qué la economía post-pandemia atrae a inversores y talentos latinos.,
Investment,Média,8.7,Meio,Specific interest but not purely transactional,Oportunidades Douradas: Investindo no crescente setor de turismo e hospitalidade de Dubai.,Oportunidades Doradas: Invirtiendo en el creciente sector de turismo y hospitalidad de Dubái.,
Investment,Média,8.7,Meio,Specific interest but not purely transactional,Otimização Fiscal nos EUA: Invista inteligentemente para maximizar seus benefícios tributários.,Optimización Fiscal en EE. UU.: Invierta inteligentemente para maximizar sus beneficios tributarios.,
Investment,Média,8.7,Topo,Educational/Broad interest,De Startup a Gigante: Conheça os hubs de empreendedorismo que impulsionam Dubai.,De Startup a Gigante: Conozca los hubs de emprendimiento que impulsan Dubái.,
Investment,Média,8.7,Topo,Educational/Broad interest,Gestão de Propriedades em Dubai: Como investidores latinos podem otimizar seus retornos à distância.,Gestión de Propiedades en Dubái: Cómo los inversores latinos pueden optimizar sus retornos a distancia.,
Investment,Média,8.7,Topo,Educational/Broad interest,Residência Fiscal em Dubai: Como otimizar sua situação tributária global.,Residencia Fiscal en Dubái: Cómo optimizar su situación tributaria global.,
Investment,Média,8.7,Meio,Specific interest but not purely transactional,Planejamento Sucessório para HNWs nos EUA: Proteja seu legado familiar.,Planificación Sucesoria para HNW en EE. UU.: Proteja su legado familiar.,
Investment,Média,8.7,Meio,Specific interest but not purely transactional,Planejamento Tributário para Recém-Imigrados: Maximizando Seus Ganhos e Evitando Problemas,Planificación Tributaria para Recién Inmigrados: Maximizando Tus Ganancias y Evitando Problemas,
Investment,Média,8.7,Meio,Specific interest but not purely transactional,O Custo Real de um Green Card: Planejamento Financeiro para o Seu Sonho Americano,El Costo Real de una Green Card: Planificación Financiera para Tu Sueño Americano,
Investment,Média,8.6,Topo,Educational/Broad interest,Guia Essencial: Planejamento tributário para latinos de alto patrimônio mudando para os EUA.,Guía Esencial: Planificación fiscal para latinos de alto patrimonio mudándose a EE. UU.,
Investment,Média,8.6,Meio,Specific interest but not purely transactional,Preservando Seu Patrimônio: Estratégias de gestão financeira para latinos nos EUA.,Preservando Su Patrimonio: Estrategias de gestión financiera para latinos en EE. UU.,
Investment,Média,8.6,Meio,Specific interest but not purely transactional,Rendimento de Aluguel em Dubai: Oportunidades para investidores de alto retorno.,Rendimiento de Alquiler en Dubái: Oportunidades para inversores de alto retorno.,
Investment,Média,8.6,Topo,Educational/Broad interest,A Segurança Jurídica de Dubai para Investidores Internacionais: O que você precisa saber.,La Seguridad Jurídica de Dubái para Inversores Internacionales: Lo que necesita saber.,
Investment,Média,8.5,Topo,Educational/Broad interest,Geração de Renda: Invista em imóveis nos EUA para aluguel e garanta um futuro financeiro sólido.,Generación de Ingresos: Invierta en propiedades en EE. UU. para alquiler y asegure un futuro financiero sólido.,
Investment,Média,8.5,Fundo,Transactional/Service focused,Cidadania por Investimento em Dubai: Mitos e Verdades para HNWs latinos.,Ciudadanía por Inversión en Dubái: Mitos y Verdades para HNW Latinos.,
Investment,Média,8.5,Fundo,Transactional/Service focused,Financiamento Imobiliário nos EUA: O guia para compradores latinos não residentes.,Financiamiento Inmobiliario en EE. UU.: La guía para compradores latinos no residentes.,
Investment,Média,8.4,Topo,Educational/Broad interest,Impostos Locais nos EUA: Entenda as diferenças estaduais e como afetam suas finanças.,Impuestos Locales en EE. UU.: Entienda las diferencias estatales y cómo afectan sus finanzas.,
Investment,Média,8.3,Topo,Educational/Broad interest,Aposentadoria em Dubai: Como planejar seu futuro dourado em um paraíso fiscal.,Jubilación en Dubái: Cómo planificar su futuro dorado en un paraíso fiscal.,
Investment,Média,8.3,Meio,Specific interest but not purely transactional,Planejamento de Aposentadoria nos EUA: Estratégias financeiras para sua segurança futura.,Planificación de Jubilación en EE. UU.: Estrategias financieras para su seguridad futura.,
Investment,Média,8.2,Topo,Educational/Broad interest,Contas Bancárias Corporativas nos EUA: Guia para empresas latinas em expansão.,Cuentas Bancarias Corporativas en EE. UU.: Guía para empresas latinas en expansión.,
Investment,Média,8.2,Topo,Educational/Broad interest,Construindo Crédito nos EUA: O segredo para um futuro financeiro sólido como imigrante.,Construyendo Crédito en EE. UU.: El secreto para un futuro financiero sólido como inmigrante.,
Investment,Média,8.0,Topo,Educational/Broad interest,Como Abrir uma Conta Bancária nos EUA como Não Residente: Guia Completo.,Cómo Abrir una Cuenta Bancaria en EE. UU. como No Residente: Guía Completa.,
Investment,Média,8.0,Fundo,Transactional/Service focused,Visto EB-5: O Caminho do Grande Investidor para o Green Card e Seus Desafios,Visa EB-5: El Camino del Gran Inversor para la Green Card y Sus Desafíos,
Investment/Career,Alta,9.2,Fundo,Transactional/Service focused,De Empreendedor Latino a Sucesso Global: Vistos de Negócio para Escalada Internacional,De Emprendedor Latino a Éxito Global: Visados de Negocio para Escalada Internacional,
Investment/Career,Alta,9.1,Fundo,Transactional/Service focused,Investimento em Startups Americanas: Uma Ponte para o Green Card para Empreendedores Inovadores,Inversión en Startups Americanas: Un Puente para la Green Card para Emprendedores Innovadores,
Investment/Family,Alta,9.2,Meio,Specific interest but not purely transactional,L-1 Visa: A Estratégia de Transferência de Executivos para Estabelecer a Família nos EUA,Visa L-1: La Estrategia de Transferencia de Ejecutivos para Establecer la Familia en EE. UU.,
Investment/Family,Média,8.9,Fundo,Transactional/Service focused,Aposentadoria nos EUA: Como o Planejamento de Visto e Imóveis na Flórida Pode Realizar Seu Sonho,Jubilación en EE. UU.: Cómo la Planificación de Visado y Bienes Raíces en Florida Puede Realizar Tu Sueño,
Investment/Family,Média,8.9,Meio,Specific interest but not purely transactional,"As Vantagens de Residir na Flórida: Clima, Impostos e Oportunidades de Negócio para Imigrantes","Las Ventajas de Residir en Florida: Clima, Impuestos y Oportunidades de Negocio para Inmigrantes",
